QRY,Freq
사진,4241
우편번호,4139
공개,3510
싸이,3387
갤럭시,3233
가격,2798
추천,2747
결혼,2649
영화,2547
로또,2474
아이폰,2445
이유,2417
맛집,2406
대구,2382
시청률,2270
고백,2245
부산,2178
수지,2150
여자,2138
날씨,1972
남자,1959
서울,1956
아이유,1948
방법,1828
네이버,1775
노출,1749
갤럭시노트,1712
해명,1697
순위,1681
태풍,1653
유재석,1527
박근혜,1509
동영상,1459
무한도전,1456
옵티머스,1450
강남스타일,1449
토렌트,1428
엑셀,1414
쇼핑몰,1407
시즌,1364
스마트폰,1354
한국,1353
포착,1350
다음,1338
국민은행,1334
페이스북,1329
눈물,1311
사망,1308
일본,1301
회당첨번호,1299
카드,1258
채용,1254
삼성,1251
원피스,1227
안철수,1222
흔한,1178
한혜진,1177
다운,1175
하차,1173
티아라,1159
현아,1156
가장,1150
드라마,1140
하하,1139
셀카,1136
쿠팡,1128
런닝맨,1125
로이킴,1125
다이어트,1120
윈도우,1111
광주,1106
모습,1093
다운로드,1086
연예인,1081
선물,1077
사과,1074
인터넷,1069
인천,1053
롯데시네마,1052
실제,1044
소녀시대,1029
근황,1016
대전,1014
공식,1011
구글,1006
시간,994
이효리,993
지하철,990
편성표,988
아내,983
김태희,978
열애,978
김연아,970
과거,960
포토샵,953
경기도,949
런던올림픽,945
좋은,944
경기,941
류현진,939
없는,933
카카오톡,932
문자,926
차이,924
우리은행,919
영어,905
프로그램,896
장윤정,884
기성용,883
올림픽,882
버스,877
아이패드,875
게임,868
지마켓,866
윤후,864
신한은행,862
광고,860
나이키,858
패딩,858
블로그,857
카페,857
마인크래프트,853
박시후,851
미국,843
정준영,839
제주도,838
학교,838
홍대,837
티몬,836
농협인터넷뱅킹,829
반전,829
케이스,829
지드래곤,828
컴퓨터,822
만들기,819
송지효,814
번가,799
가방,797
몸매,796
손연재,792
고양이,791
사이즈,790
음식,790
일산,790
운세,786
머리,781
아파트,780
겨울,777
오연서,777
패션,772
남편,771
피자,771
연말정산,770
콘서트,763
노래,758
중국,757
파일,757
다시보기,756
강남,754
뮤비,753
올레,752
입장,748
이하이,746
옥션,744
홈쇼핑,744
자동차,739
공무원,731
아빠,731
젠틀맨,731
호텔,728
농협,725
어플,722
슈퍼스타,721
신한카드,717
발견,716
후기,716
홈페이지,714
있는,713
핸드폰,713
조회,708
감량,706
응답하라,703
연봉,702
부동산,699
북한,698
아들,693
아디다스,693
인터파크,687
택배,685
유투브,684
아기,683
이병헌,679
화영,679
제주,672
현대카드,670
한글,668
변신,667
위치,664
송혜교,662
보고싶다,658
폭풍,658
공감,657
굴욕,657
여행,657
이민정,656
트위터,655
이니스프리,654
무보정,651
얼굴,650
심경,649
송중기,645
힐링캠프,645
이마트,638
축구,638
결말,636
백지영,627
드라이버,626
박보영,626
나이,625
번지,624
젤리빈,624
겟잇뷰티,622
여자친구,622
노홍철,619
노트북,618
수원,618
강민경,617
악동뮤지션,611
이벤트,611
비밀,610
결별,606
메가박스,603
배송조회,603
윤아,603
종류,602
명탐정코난,599
무서운,599
베가,596
세계,596
하는,596
문재인,594
백팩,593
솔로대첩,593
노트,592
사이트,591
강아지,589
나는,588
강예빈,587
사고,584
엄마,584
보아,582
빌보드,580
같은,579
문제,579
미샤,579
국민은행인터넷뱅킹,578
부천,572
아이돌,572
수능,570
할인,569
김지민,567
부인,567
홈플러스,567
구하라,563
휴대폰,561
삼성카드,559
고준희,558
정은지,556
위메프,555
강남역,554
공략,554
브라우니,553
태연,552
서울시,549
일정,547
시절,546
브랜드,545
가사,544
롯데백화점,544
시계,544
민낯,543
전효성,543
신보라,542
화장실,541
김기리,539
지도,538
볼라벤,537
연금복권,536
마켓,535
손담비,534
잡코리아,534
논란,531
듣기,531
씨스타,531
조인성,531
코디,530
유니클로,525
네이트,523
이혼,523
청담동,523
달력,522
대한통운,522
안녕하세요,522
이미지,522
국세청,520
아이리스,520
아이스크림,519
자막,519
코리아,518
사람,515
임신,515
안드로이드,514
사용법,513
화장품,511
미모,510
영어로,510
이승기,509
클럽,508
레미제라블,507
이름,507
여성,506
야왕,505
신세계,504
천안,500
발언,498
비키니,498
언급,497
발표,496
경로,494
기업은행,494
국민카드,493
우체국,490
웹툰,490
뉴발란스,487
연말정산간소화서비스,487
김소현,486
김희선,486
경기일정,485
요즘,485
가인,483
롯데닷컴,482
모델,482
착한남자,482
삼성전자,481
펜션,481
롯데카드,480
박지성,480
반응,480
버전,480
어디가,480
효과,480
아이,478
환율,477
크리스마스,476
품격,476
한가인,476
슈스케,475
추신수,475
성격,472
유플러스,470
예매,469
서인국,467
결혼식,466
원빈,465
선예,464
시간표,464
나의,463
비용,463
애니팡,463
카톡,463
나루토,462
매장,462
고두림,461
몸무게,461
아키에이지,460
코트,460
대한항공,458
폐지,458
유승우,457
나얼,456
업데이트,456
유승호,456
안산,455
여의도,454
자전거,453
지하철노선도,453
각시탈,452
박은지,452
내가,449
알바,449
아이언맨,448
스타벅스,447
이종석,447
캐논,447
디아블로,446
민원,446
아프리카,446
모바일,444
스타일,444
커플,444
강호동,443
메이플스토리,443
김수현,442
아나운서,442
클라라,442
프로포폴,442
인치,439
정준하,439
치킨,439
플레이어,437
변경,436
온라인,435
촬영,434
수영,433
우결,433
블랙박스,431
크리스탈,431
프로,431
해운대,431
부작용,430
인벤,429
개콘,426
고소영,426
라면,426
설리,426
리그오브레전드,424
오류,424
윤은혜,424
김준현,423
신사의,423
어린이집,423
하나,423
박태환,422
남자가,421
늑대소년,421
진격의,421
광해,420
중계,420
중고,420
데이트,419
이대호,419
이준,418
칼로리,417
티파니,417
마지막,416
출연,415
방송,414
설치,414
이광수,414
코레일,414
프로야구,414
경주,412
무료,412
효린,412
대통령,411
삭제,411
도미노피자,410
번역,410
괴물,409
무릎팍도사,409
비밀번호,408
신의,408
효능,408
분당,407
도둑들,406
제시카,406
검사,404
만원,404
먹는,404
유이,404
그것이,403
립스틱,403
애니,403
신세경,402
토니모리,402
폭행,401
김하늘,400
주원,400
홈런,398
서영이,397
앨리스,397
공인인증서,396
멜론,396
정형돈,394
롯데,393
교통사고,391
병원,391
앞머리,391
전화번호,391
뮤지컬,390
야구,389
의정부,389
임윤택,388
최고의,388
최악의,388
인증샷,387
화보,387
우리,386
발급,385
세일,385
하나은행,385
신세계몰,384
커피,384
고영욱,383
미니,383
복근,383
서비스센터,383
신촌,382
역대,382
아버지,381
남성,380
말춤,380
울산,380
햄버거,380
대한민국,379
수입,378
오브,378
익스플로러,378
쿠폰,377
이정희,376
최고,375
박명수,374
오빤,374
호선,374
서열,373
방송사고,372
이연희,371
마의,370
에이미,370
구자철,369
악보,369
폭스바겐,369
법칙,368
카메라,368
골프,367
메뉴,367
뽐뿌,367
이시영,367
가수,366
바람이,366
친구,365
여자가,364
전주,364
광희,363
신한은행인터넷뱅킹,363
영업시간,363
현대백화점,363
확인,363
강지영,362
내일오전날씨,362
연결,362
유리,362
유튜브,362
윤민수,362
개리,361
노스페이스,361
케이블,361
그림,360
김종국,360
니트,360
은지원,360
정우택,360
추석,359
롯데마트,358
고객센터,357
보기,357
공항패션,356
스타일난다,356
엄태웅,356
조용필,356
블랙,355
안양,355
이보영,355
계산,354
모자,354
해피투게더,354
백화점,353
비교,352
소감,352
에어컨,352
이유비,350
대학,349
신발,349
웹하드,349
편의점,349
사건,348
주간날씨,348
사랑,347
공유,346
동대문,346
텔레콤,346
분다,345
시크릿,345
은밀하게,345
해외,345
홍콩,345
우체국택배,344
크림,344
프린터,344
군대,342
김민정,342
롯데홈쇼핑,342
번방의,342
이순신,342
인천공항,342
김혜수,341
위대하게,341
이상형,340
걸스데이,339
만화,339
미사일,339
한진택배,339
유령,338
양식,337
인터넷발급,337
지갑,337
아우디,336
강소라,335
계획,335
국민연금,335
알바천국,335
너무,334
인피니트,334
장옥정,334
설정,333
이하늬,333
명동,332
우리나라,332
한효주,332
교보문고,331
대학생,331
아이비,331
예약,331
김성수,330
수영장,330
겔럭시,329
성동일,329
돌직구,328
요금제,328
파주,328
편지,328
호주,328
기간,327
변환,327
빕스,327
소희,326
인간의,326
실종,325
정글의,325
경고,324
내일오후날씨,324
센스,323
화이트,323
남자친구,322
윤창중,322
이야기,322
닿린,321
수술,321
우리은행인터넷뱅킹,321
음악,321
최근,320
고은아,319
등장,319
라코스테,318
알바몬,318
운동화,318
도시락,317
스마트,317
롯데리아,316
전지현,316
피자헛,316
대선,315
싶은,315
아웃백,315
코스트코,314
드레스,313
비타민,313
바다,312
유인나,312
크기,312
하정우,312
벤츠,311
강원도,310
보면,310
실시간,310
정인영,310
주니엘,310
직업,310
더페이스샵,309
바탕화면,309
생일,309
써니,309
영국,309
졸업사진,309
회사,309
던파,308
애플,308
에뛰드하우스,308
거인,307
아름다운,307
엔터테인먼트,307
워크넷,307
자켓,307
중단,307
개그콘서트,306
로젠택배,306
시리즈,306
주소,306
데뷔,305
양학선,305
열애설,305
카라,305
마트,304
알고싶다,304
영상,304
남녀,303
사람인,303
솔비,303
전세,303
한채아,303
현대자동차,303
김사랑,302
청주,302
디자인,301
단지,300
손호영,300
특선영화,300
홈텍스,300
성형전,299
이승철,299
지나,299
찾기,299
다크나이트,298
신소율,298
주차,298
직장의,298
닮은꼴,297
보험,297
샤넬,297
조건,297
직장인,297
티셔츠,297
빅토리아,296
곌린,295
이마트몰,295
이어폰,295
현대택배,294
검색,293
라디오스타,293
성형,293
인증,293
가지,292
나나,292
소니,292
제거,292
단점,291
맥도날드,291
야상,291
학년,291
네이트온,290
원인,290
줄거리,290
증상,290
중고나라,289
김민희,288
메이퀸,288
소녀,288
스포츠,288
월드,288
이명박,288
입학처,288
진실,288
개월,287
도경완,287
라인,287
모든,287
아이러브커피,286
여름,286
황정음,286
근처,285
다리,285
운동,285
패기,285
푸른거탑,285
피파,285
현대,285
김장훈,284
인테리어,284
평균,284
거짓말,283
김민준,282
메이플,282
김성령,281
대기실,281
박시연,281
산바,281
서현,281
스타,281
신청,281
심이영,281
아리따움,281
위한,281
폭풍성장,281
프로필,281
와이파이,280
화제,280
가슴,279
만든,279
박진영,279
뽀로로,279
서면,279
실수,279
은혁,279
파트너,279
피파온라인,279
귀여운,278
박주미,278
은정,278
주차장,278
개그맨,277
곰플레이어,277
이지아,277
등록,276
애슐리,276
이지혜,276
일러스트,276
박솔미,275
싸이월드,275
어느,275
자세,275
티켓몬스터,275
대출,274
맨유,274
모니터,274
실력,274
토익,274
효민,274
서비스,273
에일리,273
이상순,273
현빈,273
후속,273
김민지,272
넥서스,272
신고,272
장동건,272
키보드,272
많이,271
예스,271
우편번호검색,271
원룸,271
의상,270
이수정,270
구가의서,269
김병만,269
사용,269
스킬트리,269
인사,269
필리핀,269
김지수,268
마지막회,268
미용실,268
보배드림,268
정리,268
정석원,268
코드,267
토론,267
신수지,266
트레이닝복,266
허경환,266
라디오,265
박지민,265
신민아,265
유형,265
윤세아,264
종로,264
치과,264
낸시랭,263
잠실,263
주민등록등본인터넷발급,263
포인트,263
영등포,262
평점,262
권미진,261
누나,261
등급,261
미스코리아,261
선글라스,261
성폭행,261
압구정,261
초등학생,261
한채영,261
더원,260
명언,260
예쁜,260
극장판,259
나로호,259
세상,259
오늘오후날씨,259
피부과,259
아울렛,258
한성주,258
소향,257
직찍,257
코엑스,257
타이니팜,257
리조트,256
맛있게,256
브라질,256
서울대,256
오피스텔,256
장근석,256
투표율,256
하이라이트,256
다나와,255
아이나비,255
외모,255
축제,255
프리미엄,255
다솜,254
도미노,254
박봄,254
손가락,254
지구,254
패러디,254
하객,254
마케팅,253
모텔,253
미드,253
빅죠,253
홈플러스인터넷쇼핑몰,253
부부,252
상품권,252
용인,252
이용대,252
닮은,251
면세점,251
삼성화재,251
신용카드,251
웨딩드레스,251
박하선,250
전쟁,250
홍수아,250
곽현화,249
롯데아이몰,249
쉐보레,249
최강희,249
택시,249
토요일날씨,249
걸그룹,248
부평,248
센터,248
얼짱,248
영문주소,248
주식,248
초등학교,248
키스,248
프라다,248
가는,247
공약,247
기자,247
변희재,247
어린이,247
엉덩이,247
초콜릿,247
폰트,247
현대홈쇼핑,247
경매,246
공항,246
아이허브,246
엔카,246
세트,245
위메이크프라이스,245
위엄,245
은퇴,245
테스트,245
팝스타,245
유아,244
길찾기,243
박수진,243
보는,243
어머니,243
진세연,243
그루폰,242
뮤직뱅크,242
박주영,242
손흥민,242
탄생,242
결과,241
떡볶이,241
오초희,241
자살,241
남양유업,240
에센스,240
오늘의,240
좀비,240
최고다,240
그린,239
김우빈,239
대만,239
레고,239
박유천,239
현금영수증,239
김지연,238
캠핑장,238
파운데이션,238
한국장학재단,238
글씨체,237
문근영,237
보라,237
오열,237
트랙스,237
가디건,236
강남구,236
닉쿤,236
대학교,236
드라이브,236
상어,236
식단,236
싫은,236
업그레이드,236
유준상,236
학생,236
유아인,234
주말,234
뉴욕,233
박신혜,233
외환은행,233
장미인애,233
전자,233
관계,232
멸뎅,232
번호,232
베를린,232
성장,232
신아람,232
이케아,232
이특,232
파워포인트,232
남친,231
덴빈,231
먹방,231
면접,231
뷔페,231
생활고,231
자격증,231
티월드,231
공연,230
국민건강보험공단,230
배터리,230
사무실,230
에버랜드,230
이종혁,230
정우성,230
현장,230
각선미,229
과거사진,229
아는,229
전국,229
행동,229
골든타임,228
구혜선,228
올리브영,228
직원,228
단계,227
삼성생명,227
익산,227
인정,227
패밀리,227
김유정,226
독설,226
슬픈,226
아베크롬비,226
열혈강호,226
왕따,226
은행,226
캐릭터,226
한지민,226
라리사,225
성유리,225
손예진,225
순간,225
스타킹,225
승리,225
아이튠즈,225
정글의법칙,225
최다니엘,225
패션왕,225
피아노,225
해서웨이,225
결제,224
단어,224
오늘,224
경남,223
교수,223
김미경,223
스페셜,223
여행지,223
클라우드,223
학원,223
헌터,223
나인,222
노블레스,222
베가레이서,222
서인영,222
스튜어트,222
용의자,222
웨딩사진,222
조윤희,222
급공무원,221
모음,221
안무,221
혜리,221
모의고사,220
시험,220
엄마의,220
이미숙,220
이태원,220
퇴직금,220
폴더,220
하나투어,220
혼자,220
구미,219
먹기,219
산다라박,219
산부인과,219
신생아,219
이수근,219
집안,219
플라이트,219
김정은,218
드래곤,218
백아연,218
여수,218
요리,218
일요일날씨,218
중구,218
첼시,218
클래스,218
탈퇴,218
포켓몬스터,218
환급금,218
국가장학금,217
사기,217
시슬리,217
한선화,217
맛있는,216
의자,216
클래식,216
한자,216
나라,215
비율,215
성시경,215
이은성,215
정가은,215
기아자동차,214
김재범,214
리지,214
연기,214
루이비통,213
마우스,213
수수료,213
오빠,213
이다해,213
이민호,213
인형,213
중요성,213
향수,212
레인부츠,211
방예담,211
샤이니,211
소속사,211
신세계백화점,211
재방송,211
투명,211
폭발,211
표정,211
국정원,210
기자회견,210
뉴스,210
대한,210
레전드,210
멕시코,210
서구,210
예능,210
용준형,210
진짜,210
착시,210
홍대광,210
배두나,209
베스트,209
연극,209
유하나,209
침대,209
통증,209
파리바게트,209
화성인,209
동물,208
레인보우,208
리니지,208
만드는법,208
요금,208
전우치,208
캐쉬백,208
회로또,208
김기열,207
북구,207
사랑에,207
성남,207
소이현,207
시스템,207
정체,207
관련주,206
대한통운택배조회,206
메이크업,206
모르는,206
빈폴,206
수애,206
스페인,206
유산,206
중대발표,206
지상파,206
타워,206
판매,206
구두,205
로또당첨번호,205
소개팅,205
장재인,205
전국노래자랑,205
하루,205
구가의,204
라이즈,204
서울특별시,204
이웃사람,204
이희준,204
지지율,204
한송이,204
국민,203
김성주,203
유진,203
항공권,203
화장,203
가구,202
그랜드,202
노래방,202
다이소,202
드래곤플라이트,202
미스터피자,202
신동엽,202
실패,202
창원,202
계산기,201
미란다커,201
비스트,201
윤진이,201
의미,201
일본어,201
크루즈,201
포항,201
해밍턴,201
안되요,200
알라딘,200
여드름,200
장갑,200
정경미,200
크리스틴,200
한지혜,200
헤라,200
화신,200
구스다운,199
다섯손가락,199
살인범이다,199
수분크림,199
가볼만한곳,198
공모자들,198
공식사과,198
기준,198
녹화,198
룸살롱,198
아프리카티비,198
윈드러너,198
유세윤,198
조성민,198
하나은행인터넷뱅킹,198
화재,198
관객수,197
빅뱅,197
스튜디오,197
일베,197
판정,197
금메달,196
로고,196
물고기,196
이영애,196
키엘,196
태민,196
플러스,196
강동원,195
강병규,195
갤럭시탭,195
김포,195
꽈당,195
디스,195
박한별,195
비원에이포,195
서태지,195
싱가폴,195
크록스,195
파는곳,195
김나나,194
분노,194
브로드밴드,194
소리,194
소지섭,194
스펙,194
시사회,194
에뛰드,194
전혜빈,194
지진,194
플래시,194
경복궁,193
김영애,193
김유미,193
너의,193
다이어리,193
담배,193
동생,193
레스토랑,193
비씨카드,193
살인사건,193
소설,193
소유진,193
월급,193
체크카드,193
피에타,193
금요일날씨,192
매출,192
생명,192
쎄린,192
짜파구리,192
한고은,192
김민종,191
세븐,191
싼타페,191
아랑사또전,191
아이콘,191
안선영,191
양현석,191
여신,191
장윤주,191
조선일보,191
지아,191
하이힐,191
만드는,190
실업급여,190
연예대상,190
종합소득세,190
택연,190
파워레인저,190
가로수길,189
고민,189
구글번역기,189
남규리,189
렛미인,189
불참,189
시험일정,189
우리가,189
중고차,189
과자,188
기능,188
나가수,188
대화,188
목동,188
복구,188
블루투스,188
아시아나항공,188
오늘날씨,188
일어로,188
코데즈컴바인,188
크롬,188
가족,187
고기,187
국내,187
김슬기,187
다른,187
롯데월드,187
사랑해,187
쇨린,187
스킨,187
시스루,187
신천지,187
연애의,187
운송장조회,187
이상윤,187
화면,187
회식,187
냉장고,186
대리점,186
예언,186
최후,186
광화문,185
김나영,185
반지,185
소연,185
쇰낯,185
인터넷뱅킹,185
가을,184
동탄,184
새로운,184
소스,184
신지훈,184
전후,184
제작,184
텐트,184
하리수,184
거꾸로,183
공인중개사,183
그룹,183
메모리,183
바로가기,183
수리,183
싸움,183
연가시,183
연비,183
이별,183
이탈리아,183
정글,183
충남,183
컴백,183
케이크,183
탤런트,183
김동현,182
닌자고,182
대법원,182
사랑아,182
손영민,182
연애,182
임산부,182
조여정,182
판도라,182
푸켓,182
피부,182
헬스장,182
화성,182
확정,182
교복,181
나쁜,181
대학로,181
바지,181
박지선,181
알약,181
야후,181
오나미,181
일본의,181
최지연,181
콘돔,181
하지원,181
현재상영영화,181
가희,180
김강우,180
되는,180
오인혜,180
우유주사,180
윤지,180
이윤지,180
인기,180
하나경,180
헬스,180
미나,179
이력서,179
장미란,179
질투,179
기호,178
김남주,178
남지현,178
대표,178
바운스,178
배달,178
웨딩,178
코란도,178
홍석천,178
홍진영,178
교체,177
국회의원,177
김재중,177
대보험,177
블랙스미스,177
생방송,177
숫자,177
안재욱,177
온도,177
이제훈,177
한일전,177
갤러리,176
금지,176
대낫,176
메일,176
문채원,176
삼국지,176
신사동,176
준수,176
통영,176
편집,176
폴로,176
대법원인터넷등기소,175
독도,175
셔츠,175
실물,175
아침,175
인기가요,175
한승연,175
한화,175
공유기,174
김용준,174
마일리지,174
민아,174
바이러스,174
블라우스,174
사장,174
살인,174
윤종신,174
정경호,174
조정치,174
차트,174
최진혁,174
테라,174
하트,174
구로,173
돌발,173
쇼핑,173
아유미,173
여권,173
오늘오전날씨,173
우산,173
크리스,173
허리,173
혜택,173
기타,172
딕펑스,172
사유리,172
여친,172
오사카,172
축하,172
출시일,172
큐넷,172
내딸서영이,171
동사무소,171
엘지유플러스,171
여고생,171
여대생,171
이태백,171
텐바이텐,171
국세청연말정산간소화서비스,170
박희본,170
복원,170
사심,170
생생정보통,170
송승헌,170
숀리,170
순서,170
어벤져스,170
외장하드,170
인쇄,170
채정안,170
코난,170
프랑스,170
고용보험,169
공식입장,169
김아중,169
남상미,169
메달,169
박효신,169
백업,169
수영복,169
수학,169
스캔들,169
식당,169
싶다,169
양승은,169
여동생,169
우종완,169
유행하는,169
제목,169
청바지,169
거절,168
김래원,168
메이크샵,168
상황,168
세금,168
손나은,168
신의탑,168
월화드라마,168
조권,168
지연,168
추적자,168
통신사,168
투표,168
고등학교,167
공효진,167
군산,167
대풍수,167
러시아,167
술집,167
역삼동,167
요가,167
경찰,166
나사,166
목걸이,166
백년의,166
스트레스,166
영문,166
정품,166
체크아웃,166
카페베네,166
다리꼬지마,165
도서관,165
멸린,165
바람막이,165
세대,165
스타렉스,165
쌍둥이,165
아이오페,165
임창정,165
장난감,165
적금,165
제왕,165
키즈짱,165
활동,165
김예림,164
김진,164
배우,164
생각,164
선언,164
소득공제,164
수요일날씨,164
스카이,164
시승기,164
아시아나,164
전화,164
준비물,164
테이블,164
거부,163
데이터,163
롯데면세점,163
마크,163
못살아,163
문구,163
비행기,163
쉬운,163
안경,163
채널,163
팔찌,163
하이브리드,163
할인카드,163
감독,162
건강보험공단,162
기프티콘,162
날짜,162
논현동,162
불꽃축제,162
윤하,162
제니퍼소프트,162
주의,162
캐리어,162
타블로,162
탕웨이,162
해제,162
김지우,161
독일,161
성신여대,161
소셜커머스,161
송종국,161
수목드라마,161
이세영,161
있다,161
저스틴비버,161
전설의,161
조혜련,161
좋아하는,161
중동,161
지오다노,161
포스터,161
고양시,160
나꼼수,160
나쁜손,160
대통령선거,160
박형식,160
살해,160
아반떼,160
약속,160
천원,160
치료,160
회장,160
횟집,160
효영,160
개봉예정영화,159
기상청,159
루이까또즈,159
서버,159
습관,159
아일랜드,159
월드컵,159
월세,159
재형저축,159
출산,159
키즈,159
포기,159
핑크레이디,159
거대,158
기업,158
김성은,158
김태우,158
디시인사이드,158
마카오,158
명품,158
목요일날씨,158
발리,158
번길,158
소나타,158
안랩,158
연규성,158
이장우,158
이재용,158
인상,158
최수종,158
코오롱,158
포스코,158
강원래,157
개념,157
교과서,157
나는가수다,157
네비게이션,157
놀러와,157
디스패치,157
미녀,157
민효린,157
베트남,157
서류,157
시구,157
움짤,157
이경규,157
인용,157
차칸남자,157
춘천,157
한의원,157
환불,157
경상도,156
교육,156
남보라,156
넥슨,156
락앤락,156
런던,156
버스파업,156
오쇼핑,156
용량,156
제주항공,156
초등,156
취소,156
권상우,155
다음카페,155
별세,155
분양,155
살다,155
성추행,155
세종시,155
수정,155
이석민피자,155
장나라,155
제일은행,155
착각,155
출연료,155
취득세,155
크로스백,155
프로모션,155
프로젝트,155
하이마트,155
네이처리퍼블릭,154
미아마스빈,154
삼겹살,154
샴푸,154
소유,154
솔로,154
에잇세컨즈,154
여수엑스포,154
오가게,154
윤여준,154
주는,154
중국집,154
터치,154
휴가,154
휴지,154
강릉,153
게스트하우스,153
남구,153
멋남,153
성적표,153
송도,153
스티커,153
에듀윌,153
진주,153
공서영,152
남양주,152
넷마블,152
댁뭅,152
분장,152
서초구,152
스완지,152
알바생,152
이소라,152
중학교,152
진중권,152
파리,152
필립스,152
하프클럽,152
헤어,152
호랑이,152
갤노트,151
글래머,151
김밥,151
김정난,151
김준호,151
난닝구,151
네파,151
노선도,151
닌텐도,151
동부화재,151
레드,151
서든어택,151
실체,151
아빠의,151
엘지,151
유승준,151
지성,151
처음,151
타이어,151
티저,151
패딩조끼,151
계곡,150
구찌,150
네트워크,150
높은,150
디젤,150
매너손,150
승승장구,150
양상국,150
올해,150
이스타항공,150
장난,150
장도연,150
제일,150
찌라시,150
채리나,150
테일러,150
평택,150
교회,149
국세청홈텍스,149
김신영,149
다우니,149
단발머리,149
두산,149
매매,149
버스커버스커,149
아이디,149
아저씨,149
안영미,149
예고,149
이건희,149
축의금,149
출근길,149
하와이,149
함은정,149
허각,149
혜민스님,149
홈서비스,149
귀걸이,148
리쌍,148
맞춤법,148
문신,148
박민하,148
보이스코리아,148
신현준,148
언니,148
여자들,148
용산,148
유출,148
이지현,148
이현우,148
캐나다,148
파업,148
화요일날씨,148
광고천재,147
나인뮤지스,147
내스타일,147
다함께차차차,147
많은,147
민폐,147
바나나,147
습격,147
않은,147
오렌지,147
외국인,147
운전면허,147
이예지,147
저장,147
초등생,147
충주,147
한정식,147
현대캐피탈,147
권오중,146
그대,146
목소리가,146
배경,146
백종원,146
울랄라세션,146
이란,146
지원,146
차두리,146
피해,146
해지,146
관리,145
나온,145
레시피,145
빈지노,145
사유,145
설날,145
쇨뎄,145
양궁,145
작가,145
정수기,145
정인,145
허벅지,145
건강검진,144
모기,144
벚꽃축제,144
불후의명곡,144
뽀뽀,144
새마을금고,144
스케치북,144
에누리닷컴,144
연장,144
워킹데드,144
저렴한,144
제작발표회,144
현실,144
공동구매,143
권리세,143
귀요미,143
길이,143
넘버,143
니콘,143
드라마의,143
들려,143
부가세,143
속옷,143
아모레퍼시픽,143
어버이날,143
윤형빈,143
이파니,143
임세령,143
자격,143
킬힐,143
태국,143
한동근,143
갓오브하이스쿨,142
건대,142
고아라,142
메리츠화재,142
바가지머리,142
빌딩,142
십알단,142
원서접수,142
이수,142
증거,142
청소,142
함수,142
후궁,142
기출문제,141
데프콘,141
리틀,141
법인,141
뷰어,141
시세,141
에서,141
영화관,141
오일,141
올스타전,141
우리카드,141
웃긴,141
원주,141
유통기한,141
진에어,141
찜질방,141
출신,141
커버,141
토니안,141
토도우,141
행사,141
휴교,141
라이트,140
리그,140
벚꽃,140
블랙야크,140
샌드위치,140
쉽게,140
스토어,140
신사의품격,140
이선정,140
천재,140
취업,140
카오스온라인,140
토요일,140
평촌,140
하이패스,140
헤어스타일,140
현금영수증홈페이지,140
후회,140
